Date,Actual_Sales,Predicted_Sales
2015-01-01,14236.895,
2015-02-01,4519.892,
2015-03-01,55691.009,
2015-04-01,28295.345,
2015-05-01,23648.287,
2015-06-01,34595.1276,
2015-07-01,33946.393,
2015-08-01,27909.4685,
2015-09-01,81777.3508,
2015-10-01,31453.393,
2015-11-01,78628.7167,
2015-12-01,69545.6205,
2016-01-01,18174.0756,
2016-02-01,11951.411,
2016-03-01,38726.252,
2016-04-01,34195.2085,
2016-05-01,30131.6865,
2016-06-01,24797.292,
2016-07-01,28765.325,
2016-08-01,36898.3322,
2016-09-01,64595.918,
2016-10-01,31404.9235,
2016-11-01,75972.5635,
2016-12-01,74919.5212,
2017-01-01,18542.490999999998,
2017-02-01,22978.815000000002,
2017-03-01,51715.875,
2017-04-01,38750.039,
2017-05-01,56987.728,
2017-06-01,40344.534,
2017-07-01,39261.963,
2017-08-01,31115.3743,
2017-09-01,73410.0249,
2017-10-01,59687.745,
2017-11-01,79411.9658,
2017-12-01,96999.043,
2018-01-01,43971.374,19231.275954506524
2018-02-01,20301.1334,25074.749740649095
2018-03-01,58872.3528,52516.142890616684
2018-04-01,36521.5361,51330.73972628082
2018-05-01,44261.1102,55709.01478880375
2018-06-01,52981.7257,51473.35984103718
2018-07-01,45264.416,51727.77726914647
2018-08-01,63120.888,46994.755619267766
2018-09-01,87866.652,74818.52830365967
2018-10-01,77776.9232,66994.45722329039
2018-11-01,118447.825,94725.08585904176
2018-12-01,83829.3188,94725.08585904176
